{
    "empty": 0.7736972350173752,
    "log2_max": 0.5902581703556783,
    "snake_monotonicity": 1.0405667685488527
}