{
    "empty": 0.7284717000478473,
    "log2_max": 0.6592306167358346,
    "snake_monotonicity": 1.200801615477273
}