{
    "empty": 0.8507607502782294,
    "log2_max": 0.9967798341967367,
    "snake_monotonicity": 1.4803347288669793
}