{
    "empty": 4.5843571685025175,
    "log2_max": 2.7853535143181256,
    "pos_bonus": 2.5620627252685333,
    "score_add": 1.4179113069049327
}