{
    "empty": 0.7257060849580296,
    "log2_max": 1.0958857478077895,
    "snake_monotonicity": 1.1858386365394757
}